Merek,Harga (Juta Rp),Tenaga Kuda (HP),Efisiensi BBM (km/l)
Chevrolet,434.7139614665273,131.26971965006527,12.6867124597822
Mercedes,864.3227146667439,231.92056584084054,11.562219001792114
Audi,806.0806780935766,235.1383227120626,10.502607296642184
Hyundai,288.3213542481752,91.4758340969388,15.350966262751868
Chevrolet,421.51063833627825,122.8257697087588,16.095746641323217
Lexus,801.6720500988775,268.48647450904184,9.243504851164438
BMW,785.9331034002545,257.38311046870547,11.26214016041908
Chevrolet,390.10528996559583,148.6904529248508,15.211126041624201
Audi,908.836907517609,248.84524839940778,9.467824129017654
Hyundai,302.47967878335095,107.13632762917486,17.46946122772528
Mercedes,766.4010701207973,258.3154473807624,9.138035900595101
Audi,913.4121328043352,229.82596451888455,9.213868279370882
Audi,881.1779177088218,250.42635666448592,12.731981951678605
BMW,735.9488172612023,253.29558840864235,11.355579381966844
Ford,376.867443082908,131.7888431052024,12.693703028530507
Hyundai,251.64116461049747,130.24556940966042,16.505573987290386
Honda,286.5591858059931,78.13852888504739,14.849437141307174
Audi,952.5772828863365,259.0931699830174,11.399800995910127
Ford,441.5996975931932,129.9875943885412,17.644771592980952
Honda,358.4919778680369,101.54350336815448,11.647692050960178
Hyundai,289.3040373016777,113.57444393182173,16.148421447836462
Toyota,293.35433709945846,97.57012945493308,18.382452077530772
Lexus,854.4543268257988,278.5454218882886,11.466644015449525
Ford,313.0270574365341,134.58955578331793,13.063956059539185
Kia,377.1411707906635,112.23508050350486,18.218840894544595
Toyota,243.57924692176465,112.14823178746282,18.467439473174387
Lexus,910.3375559542109,268.70198316749054,10.01560060779415
BMW,854.3098034437816,199.20201475870633,8.919360537775427
Chevrolet,409.23775825552656,135.6804838614759,15.033257370549176
Mercedes,882.6747785185404,291.0211076416598,11.149904591383084
Kia,306.81784227403705,121.21970651092875,18.507653243449482
BMW,814.4793899864412,240.12007005040593,9.883808755127907
Hyundai,285.73408367506954,125.23530417595227,16.059034187484045
BMW,937.6156029979877,238.99080403358852,10.56687597140723
Chevrolet,406.65660595051554,130.48040383416668,13.970165405763815
Hyundai,310.0093059435179,109.03560969334254,14.985940162240574
Kia,351.04287730578517,111.31549224292604,15.808546137254718
Chevrolet,464.830720938691,162.3477961944065,12.199745005397586
Honda,268.66515760800365,106.66407920168237,17.445960468274734
Mercedes,893.5959882024745,278.505354385857,10.647486887680172
Kia,340.4023793592299,111.90189739520704,15.860540929282667
Honda,299.89947391023077,108.96529009481311,13.132676855506261
Lexus,810.7043198633039,259.4261119885135,9.490941321745856
Kia,280.61371914531003,123.67064293706845,15.62518126283684
Lexus,899.8135855329576,210.01766587635146,13.312914322871421
Hyundai,293.5294341929623,105.15102066055915,18.714598854334877
Honda,287.43885477580653,131.82391712488499,17.55739074572979
Mercedes,841.712146961764,243.24982289888874,11.449110604516314
Chevrolet,409.2194885841401,158.6461746238154,14.811502808905443
Audi,859.3055329655883,265.5961667904995,9.85801189278281
BMW,846.5133957721397,216.42655215919874,10.357312301102077
Toyota,248.41376979863338,114.2533710591637,16.57907597575278
Mercedes,876.2209576615685,218.53514997754974,7.45677115835363
Honda,289.4740407907938,94.31130996714353,14.329164975184277
Audi,903.7588288786199,298.03714681426123,9.04365827707054
Mercedes,844.6960420944982,240.76643149960563,9.209321893628557
Honda,319.91211641664063,125.15212190642927,15.697089216101594
Ford,401.79067468379617,175.6906606786779,15.033554304822458
Ford,433.5078975360195,177.3597061488483,16.032267758559875
Lexus,922.0049841212146,254.34812244343541,9.54102037905029
Mercedes,857.243443571923,233.96779941929896,7.657015752387181
Ford,388.8200373679984,157.1505248767444,13.119095873350732
Honda,294.21660638284175,107.68944926049902,19.035285161328332
Lexus,824.8393908182569,290.6990014655036,6.745011409782432
Honda,340.4356734398711,129.46109172293936,18.353382010083788
Lexus,709.165739775736,280.5666098566744,9.9398569891897
Mercedes,672.9463792052738,288.9453312350409,11.733007694258761
Audi,716.6841549694379,255.2626322590034,11.66630934573302
Chevrolet,449.2064525382859,166.72122102319048,10.029120680153737
Kia,321.8862829990744,106.72844152439086,18.49378629307774
Audi,867.9313020903677,249.40355169133406,10.769084619291084
Hyundai,294.84259886784724,109.63584080162087,16.16716400130686
Honda,251.83773026446312,118.51780210656906,15.790954520494145
Hyundai,293.976244018778,114.304609376809,13.872173534651843
Audi,719.7055767426224,241.00784270172392,10.545476178759587
Lexus,902.0826789454413,202.26056512372278,10.763957781295378
Kia,292.6479114505099,96.75264132355284,16.027172215910944
Kia,324.055719961205,114.11008677628357,17.07545978413298
Toyota,307.304872164237,123.9214666492429,16.854350648895014
Kia,301.6295665936271,127.07256110206708,16.502620063605264
Chevrolet,424.72562381122725,139.92591038653717,13.376198987882322
Kia,296.8785072960109,117.72909279480149,18.791272943826602
Audi,856.7581684477143,205.00489266029368,10.757735552240725
Toyota,373.6152652243713,111.63003246601026,14.436848541230631
Audi,861.8757022629596,249.90962190448482,9.895469387965132
Audi,916.1786929983992,291.3482435900717,10.8203028942413
BMW,840.6859340730252,283.7703635310889,8.207404430542912
Toyota,278.51831637798017,100.93058332097405,16.9535740281021
Audi,885.4714263740786,243.9786115498815,8.912757046597271
BMW,918.2395199287291,242.93629833385918,10.122554705045241
BMW,888.5747421833136,251.16632823768842,10.051926033693148
Toyota,330.9142026130749,112.27054211855565,18.294195478685733
Hyundai,316.3400233295517,140.25331316280375,17.614120126803694
Lexus,894.6581289105541,283.049701419891,10.076341311940205
Chevrolet,374.48587613082236,140.51708837753085,13.303239611746267
Lexus,783.4768322262297,259.5341550760565,9.2445801423411
Kia,305.84558463605543,107.61988334434045,16.937567760061228
Chevrolet,422.24226591315426,139.16201751222906,14.95833656890516
Kia,347.0192359991686,115.14663624427638,15.826856472091297
Audi,806.9487392062142,242.55211297644652,9.286131643516521
Honda,270.26459071169853,112.31610915442538,16.6682040024113
Toyota,305.6916265067417,127.79581118322932,16.64547074911346
Chevrolet,352.58319981278754,142.02215015492897,15.155637825674964
Chevrolet,427.0708108286782,160.37279295227134,13.062939915256845
Audi,902.6331832622889,279.306972341112,9.165494044132029
Hyundai,298.7528970737243,140.30602945523168,15.89018858530492
BMW,730.6439331529393,291.48713303394396,11.363925726045473
Audi,818.0122873495802,246.6102465439574,8.530077939773257
Ford,403.5580909043881,173.318274307428,13.186092737362582
BMW,911.3971385150405,263.91171572171294,10.693380269057368
Toyota,285.47072458240893,104.68063725599758,14.229841348292897
BMW,810.3331411242926,284.90456374093776,8.884801367077271
Hyundai,276.59095038429285,119.60284735560685,17.60415243798964
BMW,898.290427485741,215.10338379728788,13.076869539160416
Toyota,263.5273987749825,112.31370970601102,16.76201675619712
Hyundai,264.4007544790486,104.44685865780126,17.034961401328804
Lexus,804.5018751695571,278.1167086460455,9.806049105445034
Chevrolet,346.34901315926857,121.47748934661406,14.909247635917184
Chevrolet,340.52916869198657,156.32852146098168,14.666982778500438
Kia,270.1393390822795,123.36107125662336,14.423309564357552
Lexus,870.7521253798991,248.77426199211973,9.857202429122928
Lexus,767.5472349913599,221.88933986800222,11.942562430024717
BMW,935.0608506210227,272.26253765571397,11.127817724235625
Chevrolet,433.84054178685074,143.53287575427584,14.071405327721527
Toyota,255.82474865876975,108.65456559788711,18.77512137430878
Mercedes,803.7504926220005,280.6942361406168,10.109902886432515
Mercedes,753.0239694031187,216.78041459961065,11.103163443649306
Hyundai,316.57572255775153,111.52646109481438,16.58895227862808
Chevrolet,408.4227191051434,167.60592498506497,16.21377992073093
Chevrolet,460.9473679776242,157.43919801516995,13.74210246445322
Mercedes,860.2373605473199,265.6636107176524,10.62168033261411
Chevrolet,452.3194654856042,192.3151144383331,13.69211805557887
BMW,1000.9119436177124,285.1671774027518,9.879012411777751
Ford,459.9425935546032,183.7129660283833,13.30955683370923
Honda,351.96645757456946,126.12624231553946,20.552838691968788
Lexus,820.317299260035,239.3971976879201,7.5680054443079925
Kia,317.13581761703887,115.62876883428078,16.1555094926965
Hyundai,297.54447805535824,90.33168484737327,18.79766742924753
Ford,380.4120210188676,211.880980312419,13.73659804893345
Mercedes,796.8266811266183,237.63060643795416,8.305646828146898
Lexus,883.759032349206,237.40300900662635,11.357503348477286
Chevrolet,389.0101001930233,177.68884223371293,15.136183623975562
Kia,300.8579033015503,133.70348881026231,18.428440191555815
Chevrolet,517.848513066529,141.8108951004359,14.11492415818769
Toyota,347.0612703303279,86.84693282247332,18.975415344848845
Toyota,313.1790827304441,96.67683866829128,14.955440512173318
Kia,279.82531580609145,75.72770641511642,16.265690834462745
Kia,318.67669000027746,102.85549038546758,19.082469052150714
Mercedes,966.1963321907701,288.2693344787732,10.276769092317238
Kia,230.25962182540593,99.44453761951091,16.78694220983842
BMW,787.4292645346633,245.81483573540288,11.932080962432055
Chevrolet,334.1689388193873,186.23384112238054,15.327089632631205
Ford,410.7286723311078,135.72766888518473,12.689074481762862
Audi,736.1647599787882,301.5029644094316,11.84513387208885
Kia,257.8114611425015,101.71058007640698,17.649717153847863
Hyundai,291.0147258548338,81.21987864452274,16.01334085916647
Toyota,358.53102894060055,101.15032114378334,16.75479899494669
BMW,769.8375803175234,267.63288955851243,10.138182158829501
Lexus,798.0586180910115,210.86033812577725,11.685452048813051
Audi,737.6119615351244,265.11447086768663,7.415344906346112
Ford,428.28846732049533,169.40597774520123,15.64217556745987
Audi,838.7154072001092,297.52010816691086,12.769350033995282
Kia,290.3513059186211,103.23492454805108,17.223765890517402
Mercedes,816.5623897874056,231.28389411969638,9.355913751710188
Toyota,351.47268024018734,121.57822992553147,16.278580809112864
Toyota,226.34624922833143,86.83303259590299,17.755143623902818
Lexus,701.4910841027828,258.78980582355865,8.72132353016197
Mercedes,856.4264042206471,251.9156890400243,10.144707920668854
Chevrolet,384.2231261168592,141.45428748784536,12.918814371595342
Honda,314.5167695172567,122.07789012171422,15.171541216195811
BMW,846.3860069395412,255.89746220463215,10.22052536154765
Toyota,305.00308858789555,103.96947784482164,17.41854563819381
Hyundai,318.54086132950863,112.11554983733846,17.758909754800587
Toyota,329.7106023311252,82.23589463157099,18.415195762798053
Audi,873.9699435654892,216.65124016783818,10.962965058783626
Toyota,288.05037281928116,106.07050345522171,16.238480326301506
Toyota,309.07196532714676,98.2197028623192,18.352211944921677
Honda,295.83412238415985,104.53696274768093,18.129313516420954
Honda,290.41329713042757,124.22265238043451,18.469389426261298
Ford,346.6078464712409,172.1852040444585,11.806946042747171
Chevrolet,446.86322107530043,190.56714384460477,15.312251657403698
Hyundai,235.2905806590098,125.95348579079028,20.369193448904017
Toyota,290.90905077005914,109.47945019955165,15.217269917110352
Toyota,309.36238256459006,129.03765773814695,18.04660569222418
BMW,1069.937688410146,250.99081128897393,8.043191959101684
Honda,305.12912914704657,73.75322352181266,16.20034411270323
Hyundai,348.7314617580064,114.87700472947657,17.269125219246902
Lexus,977.454626370075,241.8820032500989,11.514184495520931
Ford,405.17227900665364,157.60094926918052,12.17404271620548
Chevrolet,380.7181282068713,122.04963534312253,13.857132382661982
Mercedes,877.3281640741387,216.69885684725642,12.459014707221787
Chevrolet,411.1242407636784,151.1559117117044,15.154486627018438
Audi,791.9750343393855,254.9043243750236,9.13976053557089
Toyota,346.7603973026695,94.12040975904378,17.09474818896076
Ford,413.17263140607105,157.89651488815403,13.128147240375752
Audi,787.3143418498431,232.99614480861703,10.633990521052338
Hyundai,295.6846268726411,121.94313212678782,17.71550557909261
Mercedes,690.6161111330275,257.42493390511635,12.700545721379523
Honda,339.75807153114994,116.33019741060453,15.410911804295084
Ford,419.10214864502586,164.79499879756517,13.619379978758625
Ford,412.6696823521775,180.1932491679208,12.714088370387412
Toyota,268.25101185122617,120.3904898899132,17.68631395429712
Kia,330.86514886238433,118.54690717855655,16.14836740523871
Ford,417.2877060586162,127.15746913407654,13.624521932400508
BMW,885.1959461676483,239.1845734982833,12.961662618675792
Mercedes,717.5471025823433,233.57528929003567,8.874664199356108
Mercedes,800.9755834779432,230.71005329557363,8.408295175769208
BMW,902.6891504000839,233.58714107838696,10.196288002706385
Lexus,819.5621966662828,229.2735876314137,12.00673508330422
BMW,914.6052527546585,193.95398800134566,7.631035061996936
BMW,922.9826184945541,234.40439825353738,8.021101199278933
Mercedes,923.2014592778239,255.07372150297272,10.301885301798784
Chevrolet,432.38157088023627,123.80045683435213,11.552748767923752
Mercedes,960.6668006432242,206.88499717773124,8.533314643509323
Kia,269.326938613627,141.19918885535782,17.740074950617284
Toyota,328.9622392330614,112.94251318368093,16.09716918319815
Audi,894.1903898282118,203.30152087609588,8.685659857484206
Chevrolet,429.31900717045926,122.8548953834644,13.71637779625719
Honda,295.69462966933764,102.07006994994256,14.073322287726715
Audi,805.9749776167915,225.25094869202545,10.19372783594524
Toyota,303.31471616098406,115.6694218990531,15.986020590538404
Kia,315.68333851397676,86.65989900839475,14.267142901021469
Kia,229.93281827500115,102.51054140642005,15.870052663492164
Honda,323.679468355638,100.27006119426696,17.4100645219164
Chevrolet,432.5318630633231,136.2736184870177,14.447078315160763
Lexus,920.1349284268637,212.85511675583297,10.029822805893573
BMW,802.257593176048,214.76530352520584,8.156257911411725
Chevrolet,352.374057112852,151.20058011504025,11.58373331665738
Lexus,811.4491083137954,274.39583220558694,10.538813156102723
Kia,284.08477131185526,135.34535620038085,19.839554620867492
Mercedes,851.8285702077808,175.94371252347077,11.063737836419511
Toyota,231.18070979899244,132.142191660801,18.62537735111345
Honda,353.22637512414065,113.9039833755159,16.45792134922724
Toyota,286.4969659892933,101.80609743453654,18.471602980512053
Hyundai,321.36814468517633,111.8033845015132,15.916728038109541
Hyundai,378.8763789390082,123.68561920944305,14.603432120339887
Chevrolet,379.34975936251493,168.6355219481741,12.800691618150974
Kia,310.54643876477667,124.26194450504222,11.91735787601541
Kia,296.75886900632247,108.96813730347682,16.381891316474317
BMW,871.1186594462229,269.7255882248762,10.170461133189532
BMW,823.8320824165397,268.9786389935281,10.058864091129228
BMW,833.8509710763166,210.63161843983244,8.124814257680706
Mercedes,756.813914510015,258.34987183660644,9.905105502872377
Audi,746.3801131254776,269.3775347738143,11.649171415814914
Ford,376.0602553313466,115.18036285263253,12.93631042264713
Audi,909.8122438756286,266.4558957560432,8.893080776786226
Toyota,345.63516413294224,130.22420098889597,15.90049090508504
Audi,797.9696997924523,232.2151618786153,9.391200669533745
Mercedes,916.537660554991,262.7598718142978,11.052494523220705
Toyota,320.206954295601,135.717906022906,15.41092168428629
Audi,876.6250971268742,184.78536231295908,8.41965331108377
Mercedes,844.7602629845607,262.5461983826361,9.877821109564517
Ford,377.3123032474929,142.21164245013924,16.054161464636156
Audi,823.1177475483902,302.47724866130585,10.95282048824936
Mercedes,882.0276142303761,214.19209269037015,11.122285793679552
BMW,815.4360595576051,214.166807259829,10.615412335695252
Kia,258.3616181830038,98.56637806805627,16.984826132796634
BMW,1005.2894996880309,229.39252732622538,9.450140176839309
Kia,321.97035163264934,91.42556467435931,17.664209571531373
Honda,336.1778042284976,105.39357672933347,18.5392314220953
Honda,308.7434976963542,99.03977054294329,16.70329297115524
Honda,288.6072798005927,108.68542613275284,17.22907684882974
Ford,423.5279973988743,160.17336499174272,10.352429643106777
BMW,843.1884267859581,204.7173425977971,9.669127297039209
Kia,296.2863123656724,124.64222537127064,16.95482679934985
Mercedes,868.1452612840282,273.7916914197229,11.47330271178316
Toyota,296.3095822992927,111.41269162520614,17.01503495336338
Mercedes,812.0180724898247,226.9265432967283,7.273736900288878
Toyota,267.7001719642701,83.32053750185295,18.88279772667988
Hyundai,305.65248024892287,108.1109154057975,15.923772220878377
Mercedes,852.0845484264237,224.56060367034,10.208822267944724
Audi,867.2013788044948,224.15848892929768,8.943445642213113
Audi,917.3539548216582,248.414201371261,9.062775484882131
Chevrolet,385.1797479324192,129.78811826586787,13.899224629007124
BMW,908.2139815365128,249.16987997217217,12.836360132410462
Toyota,312.64078704147005,113.44931671763318,15.637546803551292
Toyota,292.84399659472,98.31479235449461,13.751532157393815
BMW,918.1983555490166,234.65648333349307,9.087519910800033
Ford,408.4228013583386,160.24999104443035,13.518837750640582
Chevrolet,399.8959332956393,164.92374814628806,13.45970960808508
Ford,412.09334967053337,116.81510763221699,12.138021502358377
Ford,424.2215911232162,124.12882721665403,14.351206320669943
Ford,394.12004871211707,142.71065474959542,12.757305846548407
BMW,913.6538012673763,301.89673463559507,10.360230595120234
Ford,412.8996286269127,136.35338740285013,12.20585415226343
Audi,847.2182766635677,220.78751056125773,7.872867846021014
Honda,324.10337437096746,122.7825018237775,15.711741840570358
Hyundai,307.3189296383773,125.0292840168765,17.30754003059282
Toyota,264.20536061703797,106.50659880144352,18.990214130062988
Toyota,307.4107993081534,118.08698154774208,17.512443829053673
Hyundai,274.3346592606524,100.68732171076036,17.508297735577614
BMW,907.1810246014286,282.99714852753647,8.970273346278168
Mercedes,880.3184374274035,285.6113233515693,8.815501875654373
BMW,954.0722995059841,299.1682248203257,13.150103607545994
Toyota,306.92800322489984,113.54637014393673,18.240491583675976
Toyota,323.9340801914825,126.89550291493408,18.176049770697656
Hyundai,296.81814272885885,128.32995681460253,15.393118775460911
Ford,400.2340934690151,181.27471232099597,12.124630252819522
BMW,802.5767040101986,270.1524187323187,10.472694367883383
Kia,273.7492377703127,103.75708995904789,15.22882690602449
Hyundai,329.41454998561716,106.16177963494202,19.688233866140948
Audi,855.6770170828015,243.40779089791369,9.619813886449842
Toyota,292.67400494422714,111.66231642700704,20.76861136486748
Hyundai,289.8342098970192,105.40469808843037,17.09839076852477
BMW,926.3192154440982,207.37046316781664,10.546111284291575
Toyota,275.47724471936516,118.29909033426424,16.259360086459317
Mercedes,688.7128362169899,261.08732808062456,10.433373724416242
Hyundai,282.6275907456171,100.42484209785496,15.03294091236852
Chevrolet,430.92399766155484,167.64431564933616,12.681423672236166
Toyota,283.8019662138345,109.05066318291554,20.40629792155332
BMW,888.1585223312253,221.6975345497486,10.364536371388606
Honda,258.69925378085753,120.76985464874257,19.51332109031673
Kia,350.3937505525187,121.02340255211507,16.124881466197806
Lexus,758.9368770440112,207.99384869892674,6.632539468601748
Ford,427.75423052031687,147.943289595512,15.363824249679691
Lexus,949.9622039664351,252.9971663170723,10.17515393165578
BMW,817.4975758851773,239.61746748482776,10.87416389496752
Audi,837.7937478744283,240.4297699974153,9.97801976866858
Audi,912.0431137243113,229.2201532650969,9.92016577893756
Honda,307.3583351333529,127.40332855377859,16.641054834800872
Ford,371.2870645579311,140.31278111455288,15.579586149523069
Chevrolet,481.3322119441386,123.72484372627935,12.357047577395214
Honda,294.93609639893566,111.66434144102065,18.180454348332493
Lexus,787.620689397896,218.1067289005161,10.165704583760355
Honda,292.24797839378493,123.90081496657287,17.731039704785577
Lexus,888.8765543343253,246.865559608694,12.826696310281847
Toyota,274.86756055218723,119.16214750632163,15.095465019390339
Audi,774.8572625582383,231.77963203703635,11.95518800394163
Toyota,307.91683291362057,101.14282897183438,17.56165448893186
Kia,301.05443644273527,102.6203994629132,14.90505671631766
Ford,457.5416993804916,154.19636257420083,17.26060756020236
Chevrolet,437.6128648216352,161.02639449522084,13.34719350707455
Lexus,773.3258105300158,243.46807046534659,8.650848886953003
Chevrolet,426.00761522923017,182.6530499539426,13.608631600824305
Lexus,916.1143680673838,229.3231278934943,9.637039794151178
BMW,792.952521080419,186.00600894788468,9.956159980097667
Honda,303.8535521279326,125.98791498142457,18.19315737900393
Kia,324.26858697116984,95.38945665323185,17.68924595910604
Audi,960.7815775837114,261.39603552127244,12.194312335677996
Lexus,991.3276277783905,241.94595189125064,9.163672305903313
Chevrolet,369.541513383242,119.6772835979356,13.222395650876717
Kia,336.2299634926874,76.93943637123141,15.44381989892938
Mercedes,841.1007990843601,223.68444398134898,9.367256866911736
Mercedes,814.1369227904388,242.27379339814755,9.124654364668313
Toyota,275.66360358433354,124.01464618881847,18.574481266790517
Audi,753.3619658326813,167.21207802181348,11.276049819485117
BMW,763.9839707013504,256.3823451537922,8.121193752366139
Chevrolet,451.9101994103869,200.87335790603055,14.274210363808004
Honda,297.1769205462145,105.16790637214905,18.172698966969367
Honda,317.03060252803755,125.05247680329296,16.058125216102876
Chevrolet,413.6047082561858,139.15063866587607,12.413426527894918
Ford,398.35938315986147,131.54974539245836,15.760590496613883
BMW,789.6655735388924,260.9063782206208,9.275893241488333
Kia,308.31188251312534,102.14005139816965,15.114183087713695
Lexus,883.8640918666292,242.93753134260334,10.34318192886695
Ford,382.8462825747825,123.44126972463096,15.624767895584384
Lexus,901.5730428808762,232.99117073340267,10.083735056198558
Lexus,922.9413638214056,236.2888499241281,9.637738593771338
Ford,409.74530000029495,140.81817872890826,15.285637995480533
Toyota,294.9329765907769,98.23946187509038,17.91295824481099
Mercedes,770.0508545398058,310.44635683372644,11.898995636296243
Lexus,885.9446833844711,262.87993065459705,10.458929701383159
Ford,380.4362085632437,155.94619291361684,12.615301084313227
Ford,420.15273673760726,167.35693886062592,13.432870848524999
Hyundai,282.14694617535844,91.81284463028135,19.186932850348537
Toyota,284.5300789847337,107.01891445975065,17.45023337749359
Audi,869.7545350022954,272.3968028704321,9.544804096194005
Hyundai,265.8399618458726,90.29502036541525,16.13111715073573
Hyundai,271.4444857597613,105.44574942038362,18.961368216139974
Chevrolet,384.9088717646524,142.44698277330886,13.975401835616317
Mercedes,821.6062506151553,247.97826292845417,10.649043066977615
Ford,435.39004219053254,170.06426399478048,17.08527833109653
Mercedes,889.8551612320707,317.0343670404793,9.068221830328428
BMW,996.3899431697209,238.5887183734123,9.661577283084357
Chevrolet,395.20509810308505,145.62758577682538,14.128760595089755
Audi,809.3980398258093,274.89886519214116,9.336597958454584
Mercedes,895.8927278777024,295.83170858571293,9.571477156230712
Honda,323.8315025393753,118.38738933354777,20.379330323329626
Lexus,814.6618604608535,273.8521485041735,8.048786689868136
BMW,815.2899112484231,260.60178512790725,11.671791962907736
Toyota,263.2219990504739,121.79135961111666,16.905164815275562
Audi,743.4930642625382,255.4476053784637,12.050993479573854
BMW,771.5704138061868,246.7018685388945,8.816033218432521
Lexus,817.1991947662989,292.965104305739,9.674170629410341
Chevrolet,456.06262950061307,172.18108095863172,13.455893129773328
Lexus,814.8180377575637,223.12003579556495,8.882942566967914
Hyundai,310.59622183523527,109.70322027177552,16.06459184760619
Lexus,741.5865954513705,253.18536303466635,9.4365373851264
Hyundai,294.14106913253715,114.56992743047122,13.247295707918205
Chevrolet,338.669015851635,195.92886153610377,13.240084239950573
Kia,224.47700692807413,88.25089730725621,20.72670105296215
Hyundai,278.9100761919048,127.38522867345735,17.181676997505807
Toyota,285.4509888750309,121.63168206144638,13.423464986965568
Lexus,749.1207166100378,235.2294696358132,8.38851472207647
Lexus,809.345554804722,275.61139137048485,10.158564065603176
Toyota,339.9185110652877,112.93062926527617,18.48869124724179
Honda,298.0778909961451,101.14586774960325,19.22085208331283
Ford,371.6259884825573,156.876896462486,15.15334604483671
Kia,325.2447811341257,92.5183599466997,18.577925608742397
Audi,781.4731327724911,274.3211096604998,10.64220816525892
Hyundai,324.55891985339696,91.92494718351459,17.881894614101586
Toyota,332.56781029224516,112.90093674742612,15.772074980593136
Chevrolet,436.7899045731196,152.2783925620154,11.488333604258456
Hyundai,273.1143161305002,102.10558203159539,19.258727431459484
Ford,453.2073234522486,176.53937062113351,14.3485404165258
Chevrolet,436.543791671168,127.18441182628219,14.010204647589157
BMW,881.6142891154717,217.7530282807264,10.251894507570244
Lexus,968.0647430063041,266.7630935368188,11.101054247996945
BMW,678.3315153597416,296.73906547458773,9.776653182697396
Hyundai,276.93941057789874,107.38043222285104,14.772466762578652
Ford,441.9176824700857,143.29208554452416,12.892053781960897
Kia,294.95834802934905,126.77023481864211,17.19718760117183
Hyundai,257.709186913996,116.97471244611623,15.606530068516062
Toyota,235.3169690587555,132.44010819075768,17.685844812241534
Mercedes,844.521053533761,239.63171455909904,11.676495400879979
Hyundai,392.61465450595216,116.73170777849775,15.455547976508186
Lexus,839.1874136792417,262.91718016282147,7.180566031609761
Lexus,873.4149441244682,263.0927538847924,11.591610637584665
Hyundai,336.6636990711916,111.66758240434304,19.27195535987054
Chevrolet,481.42713276155024,150.5590291048892,14.627280617701624
Mercedes,726.2891852822597,206.47080212676735,8.994164423188577
Toyota,286.6914508644884,93.55815462892897,16.946006882034137
Hyundai,287.5887249697615,126.06342847009424,16.287839531774438
Chevrolet,308.53128207138025,152.5150234507084,13.978702963382991
Lexus,789.6565083016854,252.8499965049111,8.709682494128398
Lexus,873.088796753634,328.98773310789556,7.833273432511881
Ford,379.35031651963357,136.46989757101727,13.350110174768684
Hyundai,330.5977373879092,118.14239838978537,18.273149753909635
Mercedes,852.1346853327518,210.33702040165429,8.662377566488024
Honda,322.3877912239978,112.56247847619946,18.890311109118258
Mercedes,870.5283472272758,214.50955020003624,9.373717822980215
Lexus,889.536990477805,271.3099748871588,11.026130358585625
Lexus,776.6033120756365,213.96909501769227,9.772236976303095
BMW,950.8051461573418,229.18395037575945,10.545966268721168
Lexus,881.8542797257276,272.82318249011837,11.997328304737852
Toyota,346.85719274298316,101.08091249240742,13.85315683803699
Audi,802.502946524468,252.27016882141706,9.566025666777211
Hyundai,359.03696828784405,110.28170456474673,17.98056782038429
Mercedes,865.2050016753141,239.60100449527533,7.6902259864448
Audi,844.496765302096,347.6394187946238,8.506649920194599
Chevrolet,327.40507822503105,188.7277860513782,15.113124454804002
Honda,305.6225964157031,130.44010793550586,15.752747085565854
Toyota,296.80215717256044,124.32731175351235,20.165531551730595
Mercedes,768.2018979740374,288.42203375681186,10.45820687300918
Audi,861.4142747200591,249.76812333235785,8.338424055166476
Honda,328.892669946391,98.26596469510508,15.38046394624648
BMW,911.9821271230237,273.6740207544004,10.094800100333275
Toyota,332.3863086243492,131.38904872218671,18.96233611673831
Toyota,284.1516307979406,125.21157396919568,17.317461466262973
BMW,970.8135439246662,246.28814991198482,9.572234035158003
Hyundai,281.5860936947137,112.83931841353333,17.700088201388155
BMW,884.017359804909,260.4751762093557,10.805244415215768
Toyota,293.32374492256804,96.91227026612192,15.560258004629528
Toyota,329.25153285910403,117.05483465792435,14.216243343574515
Audi,926.7727398759959,306.41305439207963,9.14089977908976
Lexus,873.5312032393228,235.7962571910292,10.7539683105654
Honda,265.01973332774327,108.92831514351829,18.471971191998172
BMW,936.4998217509187,262.7948745675907,9.593145636148313
Honda,252.22196746969175,98.63675433141077,16.29608989286783
BMW,801.158635168887,251.78658904940846,9.589734716594458
Chevrolet,406.8848548934177,174.0525460209533,13.390306668155958
Toyota,258.5139906823733,99.47438602812687,17.875382704959907
Lexus,897.4560649466871,262.18255591048705,11.56088476706562
Audi,836.954585108611,311.5649844402797,10.981824563327088
Lexus,673.3558770854486,304.01975889890696,9.079616067837135
Lexus,777.6129167380149,265.7131332949868,7.914183433196148
Lexus,801.3171538074871,296.7129562187262,10.667461094797003
Honda,324.3671934281766,100.14634099253789,14.692445001547846
BMW,899.4772200519614,277.9076846872585,11.061992063297332
Kia,306.27207690353595,95.49397634791893,20.656654382089595
Chevrolet,419.191497719367,146.52226716821664,13.745826143774948
Mercedes,860.4718234651488,282.0882478647394,10.227553747966542
Lexus,910.0959207413248,254.54193063679622,9.865175330235543
Hyundai,319.2375117998517,119.04929050510694,16.745548821357268
Honda,277.5237912685722,115.12593372110652,17.11752300344389
Audi,811.158980106047,224.7279855238961,10.492571012673347
Mercedes,888.5066539919386,239.1990365603542,9.30407555690449
Kia,275.0923443288843,115.73382408717379,15.794034389538895
Hyundai,367.2340370706219,103.84577846043504,13.362178583191099
Kia,299.09485000112596,108.90449780271796,18.667577851286282
Mercedes,870.1688365709393,224.98494449680592,9.656329751803868
Lexus,872.9193840155691,185.05857249068768,11.60634608126854
Hyundai,275.06490342586005,131.25565731421426,17.588697711689882
Kia,318.88782409181925,127.24135154001908,17.859698079038747
Audi,897.1020351422216,245.06750678615856,10.446602417766515
BMW,808.875152951978,239.69766701236097,12.35763405756269
Toyota,275.75419244848734,112.31475689954421,17.170203555073215
BMW,828.2471869753441,265.4320280971131,10.70766651128966
Mercedes,785.1926571796695,253.04070134639653,8.701159193473172
Honda,323.656458549519,112.64730965543939,17.123494830075632
Toyota,319.7709404661721,105.86734564297399,18.371032938827305
Chevrolet,362.06220508975457,178.23753037789055,13.17363322616772
Audi,731.2674652613089,240.14395274611803,9.469638163294949
Chevrolet,386.55704055399855,154.63296030967965,15.646763541332408
Hyundai,294.2488225830859,99.62573645271648,15.310179781574304
Toyota,285.95451626072867,81.68262741124471,15.912300359725458
Chevrolet,449.76215583448743,133.53281590843153,14.943073791200458
Chevrolet,350.9407164076604,185.4219179862111,16.756410099597066
Kia,317.73064669679627,139.8687890246528,17.533689462391493
BMW,903.796197990469,287.858016301946,10.21566214371814
Kia,253.42867615244816,121.83445032851597,16.292210608349805
Toyota,288.0741053713362,114.46842374718035,17.849421319576056
Toyota,304.50403902018655,119.53594304235963,15.939714298909706
Mercedes,847.0107343693702,275.4725635135261,12.127349411724058
Kia,363.79306766919626,116.49465024091597,18.26001474011841
Ford,479.26316659260766,136.5832792653301,14.944549779068875
BMW,903.7840064640302,293.4358430823023,8.635430343356534
Toyota,271.8178264859845,110.32073316657059,17.566591493482452
Mercedes,928.6004767613665,265.52631327436814,9.818304123867659
Kia,312.4938433426842,114.51566714411678,19.617524644981682
BMW,861.5961260497972,238.5074975934231,10.539530836086195
Kia,305.95455958015594,86.43509966487991,16.976521907566745
Chevrolet,395.9704701837598,139.12256268441368,15.553374931434458
Mercedes,795.0024282371603,263.66855858573615,9.822571600187523
BMW,857.5386503952748,262.353588731376,8.430910739330798
Lexus,863.4162624214348,318.6684246913962,8.131883984945532
Hyundai,298.27176108853484,126.8485898723573,17.452428871930394
Hyundai,320.639008563481,74.36500983361077,17.897374061944927
BMW,796.6818255636481,259.2963185374944,9.964678322908611
Kia,368.349990874849,118.20042985648813,16.831064256105822
Mercedes,744.3215068522512,253.6344070554969,10.987874654016187
Hyundai,297.5834432454233,102.41515460093838,16.141120004230523
Mercedes,887.4599004818724,272.7816381792747,11.633452138385342
Hyundai,270.15000320368927,117.88966337626425,16.8174440683732
Chevrolet,396.3106318146688,158.03651708068003,14.611484380437421
Kia,315.8630431737472,94.13793211706285,15.875282889250311
Chevrolet,459.4347310207074,145.5885506503832,14.459021597026844
Hyundai,331.6399893612956,116.95164608541228,17.81978394645806
Lexus,912.6204375470629,186.50008717309,9.412059813807359
Lexus,882.8024057549715,291.6293292117297,10.079314671586928
Chevrolet,366.21134152975617,133.63827900778995,15.32579180517961
Lexus,834.7558492325679,249.7839986262899,10.738036232526783
Hyundai,212.95428951919263,140.00551267262122,15.903389247423409
BMW,866.93554586315,198.85908959511187,9.492950667513956
Chevrolet,449.7875218546039,111.67665640668243,15.68930013078371
Honda,291.78911711302845,117.30746660330288,17.986286620227666
Kia,313.24264498472775,97.0257402255376,16.453176280197464
Lexus,747.6910675924429,264.7538899476424,12.04246618481911
Lexus,722.2891379326476,227.15062281585892,9.78186966894048
Toyota,305.20024271140664,123.18764452151639,16.7717000294635
Ford,387.361650942174,172.0626141213948,14.992993350594958
Chevrolet,421.55911902804394,152.25031423176227,15.474728316379789
Audi,804.0583426138813,226.21917153441765,10.895321184243189
Lexus,736.2474821527164,252.7653852890946,9.620129977284986
Kia,257.82735808041133,96.03098630425603,16.836535861556975
Honda,331.0188976949707,100.20563013113284,18.82007209985749
Lexus,854.4225459289562,289.31154106509916,9.274610069463941
Honda,298.5357123568389,115.52725405005494,16.730734305887733
Hyundai,328.59072441435706,76.88654412064601,20.63360830818491
Hyundai,325.73323820985485,107.39702256447475,16.171517489633985
Ford,365.3431755420578,162.91230948339475,15.49247250318853
BMW,838.6231710309071,283.2097123893551,8.911287943886654
Audi,774.1332405009215,304.40023615736646,10.709330336246252
Toyota,341.9054460543998,97.19090437418461,15.614711912346905
Ford,385.6556272216983,133.51882316921976,15.058047815342675
Mercedes,797.4211760151488,214.84990425798128,10.17041849470628
Toyota,261.3004147252436,83.00804102786915,17.199885850791915
Chevrolet,330.0311982795916,165.50558792590846,11.906999410620806
Kia,232.77978640740758,105.59305024788809,17.216891754944726
Mercedes,884.4032544577358,255.16047097047561,8.72882485465871
Mercedes,899.9142826648623,278.80415519439237,8.553085445853354
Ford,392.75975445361547,144.5111994578196,14.33057237418205
BMW,835.6553345758124,247.9636668378107,10.77017863629003
Ford,355.4458760159547,164.7474627052165,15.711699097296876
Chevrolet,465.36539973955473,107.13265351725282,13.725647514327173
Lexus,712.4429597952487,176.9480893068153,10.172911657128974
Lexus,822.0593745004746,258.99552855312237,10.583353228104778
BMW,937.3527170675544,251.6176127591734,13.508026740782906
Chevrolet,412.25639419940853,186.84958089134423,10.500743299213628
BMW,944.4817670685437,244.5771853061332,7.661983288687274
Honda,312.6163532768436,105.45566693023524,17.870079872672214
Lexus,920.7753520285755,205.32549649715213,11.21790277894619
Mercedes,850.4535638954502,290.58523524079817,9.753822125202557
Audi,817.0713775228005,250.81162122066854,10.122232847655823
Kia,280.11645595524794,102.55542903567074,15.159686698229315
Chevrolet,382.6141964083922,163.52620119995157,13.793968739140784
Toyota,330.27195888141983,107.2185579852039,14.85272300341503
BMW,891.8092421289608,229.79130576899792,9.719959253483758
Kia,337.12716142452354,92.5869431041773,17.24711568119658
Toyota,298.7844494989262,120.51388573155654,18.282730048223033
Kia,307.91517012746675,104.59438030129401,17.71005875603894
Audi,943.4959128001193,249.18130181080898,9.679292662692369
Toyota,311.6451077300397,110.58090530554418,14.9934358641233
Ford,409.57323201589924,123.06475182472472,14.561720969612669
Hyundai,276.085718267803,110.55312206279518,17.585890859298853
Ford,498.15613383774286,164.8549992357385,16.047198214613502
Lexus,981.0223473085747,264.6776775099833,10.342827760320638
Hyundai,267.9983667352135,108.25055101399408,15.915368405546207
Ford,383.95764599502456,187.41326752384936,14.171932263799984
Hyundai,273.72301266851673,130.61800182036956,18.432913214356173
Hyundai,330.2296047780119,79.90804695346408,19.923006436582227
Mercedes,810.9039680534279,273.33864318378266,13.028559748740438
BMW,1000.8732923733432,220.67313623581938,8.266579195597272
BMW,950.1242619193549,254.26167434782,9.398942270437503
Mercedes,893.4852982857333,245.11361267621677,10.841588964458492
Kia,302.009454234562,120.8358189249225,15.658200966295418
Honda,342.73386039397906,120.46435056098657,17.969446054105358
Kia,266.4699021896402,135.4944862496637,16.979425850950598
Toyota,321.84146587289524,105.15763304380087,17.391333597023145
Toyota,308.91382056358214,67.70103601994869,17.873672186982247
Hyundai,358.96024385166254,118.09670388487936,15.563437626665394
Ford,425.9984626461555,171.18961060346678,14.768699774285581
Ford,397.03491574279826,145.15701548352138,13.63053536694979
BMW,898.8443830707848,207.78628014821115,9.553752206973511
Chevrolet,463.82439292043796,182.6839053315435,11.782779368297508
Kia,266.05759166209174,105.94069130708095,18.33888427567153
Lexus,722.0767952162906,248.35574095247566,9.430985012104426
Audi,942.8175271999663,199.69274578092237,10.111048738592347
Ford,384.2556225060562,179.39597852554576,14.896478969529875
Audi,808.9929038519585,275.6015932998725,9.533405376029712
Hyundai,329.9798913371926,106.44384513671633,18.581999868153144
Audi,880.5257368589075,347.8147324207427,9.936524793500794
Lexus,876.8003604135014,235.61725774852206,10.003222408905735
Mercedes,660.8715406095391,263.967520496231,11.611449055539294
Lexus,877.7641003219549,210.5841562606787,9.0378554167492
Audi,679.8865510990611,279.3677202059627,8.792184048748503
Lexus,847.990398685144,245.3878728301834,11.78527244278992
Honda,302.55843953897215,122.13339380159015,17.819695646221493
Hyundai,340.782342598842,106.41314458245562,19.804422995756774
Kia,240.43013530802054,122.86210247001854,15.700070587003802
Mercedes,815.5075313054033,267.08242800703107,10.673682459817291
Ford,424.2571205476029,122.27684111789523,16.17354534691886
Toyota,272.98058645316974,98.49069364662202,17.956845107250242
Kia,291.39836475716277,114.62391260843738,13.765098955050817
Toyota,308.52973348557697,113.26747819268323,16.235212193353576
Hyundai,237.77772120705632,106.80787607777593,16.94393921030208
Mercedes,824.2939706768653,194.91476606702508,11.913680808780299
BMW,805.2796930438939,243.33386011231298,7.108630814538051
Ford,463.7942139479283,140.66900136531888,14.147694225611303
Honda,333.6221233444995,99.85543692925062,18.444867481079818
BMW,705.7072180841201,266.5295997271394,11.886690599823584
Hyundai,282.5874945834591,126.78322430447598,19.750883978290673
Kia,292.35474485837943,104.93707571225208,15.652559381251544
Honda,284.708095344446,97.7696016459107,15.65133335235916
Lexus,933.9184707697949,226.30221924135222,10.310226297663547
Audi,852.6763404651366,294.9428368771337,9.396212521533984
Honda,311.4344413996297,121.86604553414163,19.23462441098087
Hyundai,284.467399648642,100.7316129690143,15.40732841905992
Chevrolet,489.4519848339296,177.68944876360774,13.936697908531935
Audi,985.2007405788939,246.9440981690303,10.869292565720235
Toyota,300.30515705168165,115.96708177625706,17.43764216380032
Ford,383.000585064934,171.84997076170706,15.073928626525852
Toyota,330.8308378050443,114.8034077824902,15.640145177334299
Honda,351.28158199673106,106.06165649648861,17.54610054285262
Toyota,319.0614407646681,115.36132574326427,18.37312553184541
Hyundai,332.20133766949493,106.62749745429129,19.43820101293347
Lexus,831.3167512087115,260.10247146642365,9.534786179674922
Kia,279.7957943204763,125.66286633186297,21.682845346139068
Ford,385.5296044671873,174.30643149356158,13.51113303094971
Toyota,299.68545069431985,136.36375658347507,15.38969707238704
Toyota,259.85522794130634,108.69202026855277,17.99548404190651
Honda,313.9099971504265,115.41018763539495,17.051197972267367
Kia,323.5962008095176,66.29491336932541,15.87379204236839
BMW,843.4471313501587,271.1360439730753,11.787718168082279
Toyota,273.4470087549858,131.8561793830485,16.321157496197955
Hyundai,296.1027065105794,118.7214877819642,16.695145881039842
Chevrolet,444.4047042666527,141.90791709773714,13.415697513079499
Ford,442.0791981683733,134.73751223464683,14.37339364297499
Toyota,250.1855199691853,137.29459028091784,18.809827904355163
Hyundai,382.50321598742266,130.0754559716958,15.305524655599278
Hyundai,320.05949580481774,96.22986856667293,19.36705626057965
Ford,355.95438848089714,127.01690231520405,11.58528281945497
BMW,815.81341251159,229.31566525649285,8.486021072992882
Hyundai,359.69427312730573,117.94821044579967,17.618351809785068
Chevrolet,463.56657676991705,155.1251558408587,12.876979697742291
Hyundai,248.9937077244703,97.92413911484894,19.258123400762692
Hyundai,262.3399165294152,115.29690856996815,18.550887714628338
Hyundai,308.5603452132975,115.98474993185874,17.98340586931014
Lexus,876.5496610275854,298.27222517419847,8.751649926126868
Lexus,866.829741378715,195.45278698008556,7.511504575376156
BMW,844.2830278403611,266.3013870683427,11.956801332685078
Toyota,372.5937519903139,129.7979100599822,18.090748616597043
Hyundai,304.79894567321446,87.03157905224934,16.780945091387302
Kia,338.71130253774675,123.47422784042061,15.070498779975578
Toyota,318.4207694177544,117.9258921780158,17.524835180172108
BMW,848.0501111235866,269.9675190083258,10.836775646694878
Mercedes,805.0978864198016,263.65042184146284,9.772725831103344
Toyota,255.38298396761272,101.57589447442754,14.654465471981862
Toyota,329.40280605210313,115.33834066331478,16.466764083191084
Audi,949.4364940302054,252.039727227435,8.282532692839752
Honda,286.81564379448565,134.49281280909938,15.995786562366284
Audi,869.2654902130481,272.31629873543915,10.70793818146593
Chevrolet,497.978391958324,126.47393486153462,12.385305379200796
Lexus,768.8171887028507,241.12244736949344,11.319252865818942
Lexus,777.7785794142442,283.40081517831817,10.042152003913284
Honda,266.7300992036723,83.72945065148215,14.708644259286011
Ford,373.365863670643,146.6169764851336,16.019094465095677
Ford,431.9635284875296,133.22117495839396,14.612997925058252
BMW,965.6082388434568,306.21752263090104,9.622712786135684
Honda,328.7486528911501,130.84933050331736,14.73939211523242
Toyota,284.6277873852091,143.30028101634895,16.548445834818644
Ford,282.8419454119561,147.58076379226554,15.686938248673792
Hyundai,300.19531310402687,120.73045920200951,18.407332996483596
Kia,289.35187645703155,102.20910520378436,17.230161463931406
Toyota,305.33336768789644,110.81115229770457,17.142734784023695
Chevrolet,370.0581546151705,165.00573820161895,14.89884792066945
Hyundai,259.91974900093624,104.16256524371049,17.13961980880917
Hyundai,283.97060993171476,119.56057966381691,16.899676192314292
Honda,305.07217588365563,103.9893603877539,14.010171764884078
BMW,706.4756174906286,267.68828640076083,10.320294491787273
Chevrolet,417.54648825404337,152.68945684125825,14.321851105060272
Ford,438.7609349447515,158.89238744802824,15.56136402545917
Honda,305.1438552367979,105.49427389220344,17.29130429323437
Ford,366.55288474050815,142.40306142176183,14.266356962960055
Honda,304.92954995703036,108.40371679995518,14.91772293473869
Honda,319.0922863926214,122.51342609899324,19.46553574287836
Honda,313.2532798976619,110.02192751287224,15.480455735584776
BMW,954.4412508552739,257.4349893062207,10.232047808590547
Honda,292.3783140546344,105.23045650347707,18.03240010107627
Mercedes,778.4991564138986,298.7629557747634,11.689031749046046
Kia,289.37815359398735,97.04203151190436,13.977191017466879
Ford,349.9434451006309,164.5982298576575,14.473012788350982
Toyota,314.80960695918264,82.31630547013758,16.406276569846003
Audi,945.7090964397457,247.1191778404194,8.473246318451217
Chevrolet,395.535906766284,134.579651632695,14.500518589918096
Lexus,851.43817652214,266.2988999224687,8.538491647881864
BMW,818.5898401934431,282.7130302419733,8.374863934677421
Toyota,269.90663951880066,112.98945964988096,17.430094758625685
Hyundai,285.3345047177169,105.82350676041725,17.799838342333462
Mercedes,909.4744501231908,217.92335004130723,10.43718342475354
Lexus,955.8411200004006,246.52323815916603,8.704193015453777
Audi,771.1735663820948,245.1778767606441,11.243016765841142
Toyota,298.7773245046014,112.83847969858891,15.505487476739294
Lexus,918.8182343083583,215.63024286503935,9.39460421887404
Toyota,318.8974458613888,79.40852752520102,17.26094172452856
Mercedes,777.2648503525753,250.4964819672734,9.577533270745676
Audi,997.4084377743942,238.2063643240028,12.21118164746001
Hyundai,317.60856873550125,97.97811543905408,17.496216387889636
Honda,290.86770760986565,113.63236236111851,15.9291635188501
Ford,467.6071053338383,168.5079618159345,14.047672352242387
Hyundai,351.873443042086,111.11418866124274,18.646437447291746
Honda,301.14901762567274,115.90831392215868,16.87784182858583
BMW,856.6710947711756,255.11595581163996,9.196321801013928
Kia,287.9679399923074,106.74867475270742,17.344566525203444
Chevrolet,398.7768392198613,173.46065067651415,15.270677478469462
Chevrolet,392.1468977589851,177.63567794903878,16.809530935363185
Ford,318.2469482031153,168.64580170132558,12.960523704002751
Audi,906.052361492631,287.14713821939296,8.947608886587338
Mercedes,720.3371030688968,275.06302264647593,10.162482978980334
Audi,733.2092872268161,325.8869351638847,10.749303294707863
Mercedes,896.9070028087607,290.97453257686146,9.303011256584197
Audi,859.1317878462074,210.42034258660712,9.270461863257779
Kia,311.56980001407715,85.02072999301322,16.045565681482877
BMW,785.0446228043595,254.26276736861035,10.689641513998419
BMW,901.950696306352,279.9644993433445,11.646540215886844
Honda,318.21736361050216,138.31003848341624,17.179253781897025
Lexus,837.8675192024616,268.2192209008012,9.740306590008894
BMW,979.6795310142535,283.92950419405634,10.900333773039417
BMW,859.1993540828946,237.77568485755413,10.841590005481311
Hyundai,266.18707644459124,133.0154530016153,16.73354494192194
Hyundai,309.15320199722186,96.35598385710067,18.084479394678834
Honda,286.3877516148501,119.73843185457648,18.136090203466082
Lexus,804.6657520488021,216.29412637258014,11.838279899853454
Ford,392.3080386388367,154.49697632091278,14.728196786970113
Hyundai,262.3889961030534,116.93999205229832,17.148689804231957
Ford,374.25877209182437,126.86928030324542,14.908828321935905
Toyota,333.8313602458464,112.67885776089204,14.848301987225469
Hyundai,268.2800154847581,103.51814436013919,19.346929611741125
Kia,292.59748013703376,102.971466158027,14.489772800485827
Lexus,804.0320646922922,213.01190938027509,8.79618420289264
Honda,303.59852040476227,103.98253691583234,19.549241679007018
Toyota,332.3401011812243,100.86674093284492,15.624773237389228
Lexus,946.7849354964935,299.8012746845045,7.366902107745362
Kia,302.78572871915105,106.2218253815491,17.973680210089906
Lexus,985.9867686913053,235.47828942016605,7.527161782403303
Kia,317.3702310044779,130.84946102906304,16.544360327720337
Kia,278.84887559581017,103.44110891933451,18.275308050696854
Ford,381.82156234860076,156.57520600685692,14.04170437360991
Audi,844.7234271304063,271.038769802567,9.425704120162967
Toyota,287.08240319453165,121.96404274999631,15.519612013747022
Lexus,788.3845866424371,212.1905712596922,11.018813095931863
Mercedes,842.6334122343113,210.59154561762801,11.024570274770882
Toyota,283.33373515273695,96.92482881744672,16.706482161684573
Audi,953.5106526627524,238.1511341051029,10.690406636938702
Toyota,321.8124006135286,116.64909947009609,18.906607474511393
BMW,800.5018796757405,218.6999547084899,8.724440012770007
Mercedes,839.8872109290145,221.58860026478413,10.177049094238393
Audi,855.3891893807426,280.5571990955812,10.349373169883249
Ford,383.35392576554204,158.21698408865365,12.454708970153089
Lexus,847.3301518382978,259.5820370078674,10.155181117780153
Chevrolet,416.6026037974394,137.11907968574417,15.728047104214275
Audi,977.5518264576995,201.91971565424217,8.541282404854902
Honda,301.2924902407316,106.15173529170688,19.844618608659175
Lexus,865.3849026397123,291.77635761177874,7.541051336255681
Audi,906.9918638332647,228.53449542225036,9.12214891645641
BMW,832.6149381511514,207.26249080806724,10.531342630386224
Chevrolet,407.62859866867177,155.32384496374542,15.330546533199358
BMW,956.0347432335908,239.08866852737358,10.572820767683769
Chevrolet,411.7195283333992,157.55229012657878,14.588896496698975
Honda,347.71510033694517,103.1048469726606,14.711396145194477
Lexus,801.1488361968879,272.7180080060622,10.027995410376613
Ford,381.29602638020015,128.47005463180716,14.331929182595799
BMW,895.1154392691666,259.17616165288086,9.696003602614065
BMW,860.2648899008224,254.22528899672247,10.227636317461196
Kia,264.4708514694264,112.95989525922317,16.33910529730071
Chevrolet,441.6247442403903,152.65837283500548,15.253218832734339
Hyundai,290.9465583885074,106.01429243582812,19.2413768693845
Lexus,880.5434631890856,228.56456402782783,11.076369326344569
Chevrolet,378.6678106628852,154.51396275623046,16.75501194628911
Kia,257.06152837085835,107.36327117350196,17.612407461353044
Toyota,322.9409500399402,91.38149138958691,14.696314597137473
Chevrolet,443.62997407961706,135.59170286392325,12.856576238004028
Ford,462.00998691088665,151.39404629463644,14.11435734152236
Lexus,837.4140388393928,213.2805379977049,10.810836339273266
Kia,312.2835156577687,112.53036988009148,16.825515441085614
Toyota,291.2304105198514,123.68725084321122,16.78806040519086
Mercedes,845.5157273026277,265.89679464651323,10.249553116816463
Kia,349.26828172621316,83.57949833790043,17.449861157550895
Mercedes,800.6075953669482,221.73740395735211,9.451522952746783
Lexus,853.8275585937233,252.9720722777023,8.179232541185808
BMW,812.1241319225527,258.43664654429375,8.947683459059615
Kia,266.5564828585045,76.15801538760584,16.00520982743696
Honda,265.51112403147556,95.24100675334913,16.59226954508052
Mercedes,808.0119786419972,215.0128631842208,7.460990121720128
Ford,412.0924522059057,165.05654427616946,13.40488253150844
Honda,292.0267291063717,110.04215773529185,19.36817536491838
Audi,740.2604544321961,237.5653082238229,7.933632443040737
Audi,875.3622921114891,245.68124818635965,10.243590535523293
Toyota,304.5936768777323,124.86062380555273,17.8071994468527
BMW,908.1355570362061,218.03395930309168,11.431805037970173
Lexus,799.43460823577,230.0539137212806,10.325011092823594
Kia,309.0575478914783,93.92214796651282,16.740081062339154
Hyundai,344.64705950608425,87.97495157698857,19.22782886151909
Ford,390.3320619433404,103.24490333129694,11.94990239977564
Mercedes,782.5565723585364,231.28212097651772,9.874344089649595
Lexus,660.75639091669,255.6041317743296,8.73389139001014
Honda,341.7156771480318,105.94734918884038,18.414269257599095
Audi,927.7244285940005,282.4981973039865,9.320311908445017
Ford,376.83199369114703,145.5005340142337,14.954356063068388
Hyundai,284.67914190737514,108.21106289614629,17.410390724509174
Kia,272.853242218564,95.47837567506323,16.762604177894016
Toyota,299.22536444854927,116.50828220002465,18.007829862427332
Hyundai,267.02811538285056,97.81872602084653,15.543871568655348
Ford,456.49789606365687,147.59458819594929,14.024193942867532
Hyundai,301.7332309204054,99.2649497942354,19.346404278419044
Ford,416.44106619274913,150.79181059555899,12.34211536827415
Ford,353.5227003337502,143.82184936788462,12.950012309642254
Chevrolet,357.3022261781379,142.5808396085689,13.675357957586167
Mercedes,859.9249794322188,234.8824158587721,8.790879166407963
Audi,781.8955379806127,286.38918187678564,8.49789077636591
Chevrolet,414.52729193165084,160.3909265954879,13.818086786246496
Kia,353.03487175215537,117.52578489541548,19.764354572456977
Chevrolet,373.9574399234051,137.32109180213163,14.791305738020021
BMW,831.6974053876557,300.56996274676055,10.410040460357125
BMW,776.8798046100299,197.89550774367922,9.906113689188082
Audi,843.7613809326737,259.41297769925166,11.452828688507083
Hyundai,332.3733991198178,101.31648451495352,15.059270897293368
Mercedes,763.6115205493651,227.89594884035864,9.559922142353177
Audi,871.3543497275617,225.97097209312062,10.336470365335977
Ford,414.4816058343621,152.86687765191778,12.307065504480958
Honda,314.03480175707875,141.21904443150083,17.368845240369357
Mercedes,643.2847429544111,287.2263871614071,9.156702667960737
Mercedes,1008.5998883346984,253.49090354097882,7.978359167217009
Ford,317.4121004016499,180.79481525351758,15.658857478875909
Ford,489.0407554306676,150.2184897114711,13.91520517493048
Toyota,288.51843623524326,100.1256463811117,16.411355668313277
Audi,865.2224332626821,224.68297639263693,7.99685278375122
Ford,406.3950653605671,132.67608802613137,9.140843412589897
BMW,888.6797173459908,216.75822885648915,10.794147345628883
Kia,319.1354431954794,114.25385017284249,20.745226760534745
Honda,295.8584445008287,105.71540648752118,18.025508632125376
Audi,846.1186846520345,284.81480612182025,8.477432910909373
Lexus,762.3477886774962,272.9742847397865,8.602226872793675
BMW,892.63690245099,261.100085386311,9.166614056766804
Hyundai,311.015104807003,91.4811133132364,15.50015011060445
Ford,390.51249046351734,151.57855638144443,13.544542194518213
Lexus,880.3181174711177,261.65399245144874,11.835240170017773
Ford,396.18858611419984,173.89126862368258,15.38108826934084
Mercedes,1010.5784098305204,246.18225940293178,9.495569534256415
BMW,938.0385955570613,261.56297715223786,11.53799106014068
Mercedes,900.175915859265,186.79713725801514,10.45158613243742
Toyota,309.3364769385447,111.99660353695944,16.801635418814925
Mercedes,738.5499530543971,276.2253075171497,10.448522113712194
Toyota,333.0587009219227,86.9186671358712,17.7607017343179
Toyota,292.96021987360314,112.15682014888294,16.665260548728664
Lexus,888.0525549236091,245.1138063702526,8.737702089933173
Ford,403.45701675144767,145.71650925729,13.874909568306675
Hyundai,204.36565571879572,120.23954125353058,16.52800457397983
Mercedes,755.6292498187214,277.67690550544427,10.763638873303517
BMW,827.0875862607601,215.43491861439944,10.213636881615248
Toyota,303.6931825376283,123.86501424487673,16.334396727709265
Ford,447.7968853945998,139.19493993328464,11.981252323186368
Honda,266.03151733568154,109.06382691296577,16.901728236411902
Audi,872.9502798525543,247.28877906644675,11.172782219277195
Lexus,831.7234131076196,190.1117120538575,9.854683973841047
Hyundai,239.79663936700555,114.07086471496547,18.585789498477375
Chevrolet,360.5510205486992,178.37113372783702,15.264246867092647
Lexus,934.4536108790538,255.68691569303894,8.808681789097815
Honda,323.4244628344241,100.6309863984749,17.176826759155034
Audi,838.0054305037467,283.74087570390685,10.876392407107994
Honda,297.58302605062886,80.72589209689771,16.047158800206198
Mercedes,899.2955602639092,258.4033078313975,8.196133678704566
Toyota,245.80236082593333,112.93263725236184,15.414414248426336
Hyundai,271.1761061748727,120.08911593173981,18.80335817062351
Kia,277.47893918891106,109.3285953858174,16.888630001023458
Toyota,295.0738768591045,110.60897714234449,18.134748391760233
Kia,279.7822695981121,87.12083698225901,19.535014900405642
Audi,926.2595347143035,216.89086386251807,10.162758410531143
Ford,440.42808658344444,164.98087889052078,14.693019964893928
Chevrolet,393.1909243363302,184.54607850123915,14.33128830868919
BMW,813.9528518475516,276.13227186536784,10.115270370341705
Toyota,310.49393181760865,113.04723802386812,17.745163360650366
Hyundai,270.6463123980238,88.23340419244988,19.151199084850376
Honda,307.48753685367507,121.56270916112868,14.360361169733562
Hyundai,332.00049326143505,102.17771531966349,15.790672749786433
Audi,845.563878265761,220.66059368372424,9.997921962129272
Kia,295.9098495895654,125.90593857850824,19.270016753209205
Honda,344.4454737852475,76.03227530905826,15.597249755235072
BMW,690.7579265324347,214.19373176694907,9.220578146915402
BMW,878.7393130658861,234.4020029652238,9.409515914861625
Toyota,305.4529404959929,84.36035532188284,15.742110270554205
Audi,814.7510361927839,243.92794034105967,10.092344788270655
Ford,460.0259915893217,168.1667232216219,12.846034963262097
Audi,831.7069658383973,240.1168258872363,9.383016980175107
Kia,308.1754747746273,82.10330670543638,18.321071582009726
Hyundai,350.8065237214607,105.95239188992275,16.565953362323256
BMW,860.993097304607,280.5815793088063,9.610847539819309
Hyundai,328.0183549830521,117.32742008679864,20.542417166007034
Hyundai,290.1401395451311,80.3599932841875,14.850591318971729
Hyundai,300.3578471220047,125.41823141031128,16.021236289368915
BMW,833.8347285087269,270.5452821199473,8.84172087894585
Lexus,807.2111420563627,214.96819937169218,11.413873711459074
Mercedes,957.9170968257457,202.61755031520818,9.829377401214131
Kia,342.21776925194837,115.98042775433356,16.26614115050136
Lexus,741.7686516272371,284.58833655468595,10.432618257933397
Kia,255.81040836774733,127.84836580812487,14.599394657363195
Honda,293.38541537497764,106.03077944941806,19.42757199327175
Audi,831.7267665683893,242.06071941097827,8.364305986122767
Audi,805.1721624658976,225.48113617358072,9.081733160794368
Chevrolet,400.25138099567494,101.31647228314816,11.734654631874653
Audi,842.2286788474992,253.63764049311794,9.719880641627325
BMW,847.1443857150527,237.72650159034245,9.977794476124405
Ford,417.3656888104886,158.5426745737532,12.966562382812256
Toyota,327.4528421874885,112.3566304175498,18.848320934509655
Chevrolet,457.31489725068326,121.14546557253507,12.711458691696937
Toyota,324.4064411991165,85.02661369806579,19.13026544404006
Kia,289.6835341556201,118.62549552663528,16.825414005708836
Toyota,258.2283141664894,125.83316903197962,21.126084545805995
Toyota,284.54975170932926,105.16462173732137,13.02635068509941
Chevrolet,454.06011613824484,168.23530645684005,11.399924206917628
Honda,238.0534361385934,80.76153075252103,17.967753688059226
Hyundai,322.3497425884225,96.14999083446818,17.748890047074198
Audi,861.1213984693807,238.98190879437345,11.16423619202236
Audi,765.6545079140373,284.42617640781685,9.125774135182777
BMW,974.7075677376931,219.840819295556,9.578113505679848
Chevrolet,402.34348550169415,151.04637095644966,14.736242750927143
BMW,760.0022307227326,248.88062775260096,10.165758047683266
Ford,378.8904710388749,158.08117234918836,11.980445129768329
Ford,386.94184443797263,134.9363175119267,13.514853605676471
BMW,951.2924821944843,293.993671784722,11.524499752697464
Chevrolet,381.50970879676595,168.15236553600414,14.168543190388705
BMW,853.1912792452106,247.67915957142492,12.11010142885495
Audi,945.6087023889525,272.34689255341294,9.795638841387248
Lexus,852.7692530778194,265.916998136132,9.374069305775173
Mercedes,915.6821001175152,222.3626466567128,10.470212425596886
Toyota,231.30853350622112,101.74072210096804,20.116515699379164
Mercedes,922.5334046074338,296.0640534980357,9.199230799174742
Chevrolet,404.15091347201746,175.6398450618861,14.949642402058066
Mercedes,885.5996114150823,298.91745910990187,8.751454041263287
Ford,392.63047842217986,114.91828874661292,12.357340922096597
Kia,332.22556176536915,96.23976100711815,18.103286381187647
Toyota,349.7545512590424,107.33092737512092,17.77979515969972
Hyundai,322.2993638862876,91.67757405400152,16.07532148204843
Chevrolet,359.8535515331279,139.26553779833944,15.074166047121649
Toyota,282.14409807173126,109.47270159602274,15.436307574603147
Mercedes,935.8495515173591,233.6467002932999,11.827576662291944
Ford,402.4371637539744,121.86000844073841,13.743459880181563
Honda,268.11669517601507,118.8402406606723,16.607955826509702
Lexus,861.4247178519148,238.91940669860313,9.333589235364009
Hyundai,270.7913397115312,122.54334405232294,16.740270347300452
Lexus,827.9716374411131,244.05358304673518,9.18536584781707
Toyota,290.65945719671925,113.08444722040231,15.448794501414852
Ford,364.4259202768317,177.56568187245347,13.455865200800666
Ford,377.9375676430396,123.12256788881449,15.276016456211359
Mercedes,776.085193054241,249.54122017115625,7.950177916820092
Audi,907.2720960254882,285.3056873085574,10.581424414573618
Mercedes,742.5863908016292,275.1628643172769,9.007181200431576
Audi,768.0319684894871,238.4961686272704,9.515958791984213
Audi,814.6465944173797,288.2102274371408,12.414191195731153
Hyundai,258.92590387951606,99.66751408513115,17.214122504067436
Mercedes,822.789845634394,261.9819624783555,11.099182427134954
Honda,322.48097826810124,119.14600351774749,19.488643281379584
BMW,738.7736901958723,294.40326375863845,9.504410039092308
BMW,904.9587654472939,219.1100131516167,8.909804329728066
Mercedes,896.348210403742,192.13809931750464,11.187330493945975
Mercedes,938.1974451639112,255.3335456148688,10.170113242694269
Lexus,791.6454698564083,270.23348207211006,10.41719829568891
Hyundai,272.3548381192853,104.12780074867712,16.760996862956294
Mercedes,822.5038462436569,209.11265759950075,10.838824370300674
Lexus,832.9542680868674,250.46094327679927,9.306080095123088
Audi,883.2690031780393,255.9608855314421,11.455341266956502
Ford,419.2239485175594,145.94631196325778,12.89042477374616
Ford,434.6381073566658,144.34847802427083,13.74242365010567
Audi,837.9619875595127,237.9517686802861,9.814553206924156
Chevrolet,477.0483025093031,129.04355891744615,12.778243683857585
Lexus,946.9027092707975,238.75586846514784,9.459254459110126
Lexus,922.4404699741403,207.39413148154748,10.985745315104086
Audi,853.193150052508,263.9440639249593,10.535237146302551
Honda,281.16052240552085,125.76775670224859,16.174793432782895
Kia,312.26547056996225,128.56586728293703,19.068352549769703
